<?xml version="1.0" encoding="UTF-8" ?>
<LightningComponentBundle xmlns="http://soap.sforce.com/2006/04/metadata">
    <apiVersion>48.0</apiVersion>
    <isExposed>true</isExposed>
    <masterLabel>RelationMap</masterLabel>

    <targets>
        <target>lightning__AppPage</target>
        <target>lightning__RecordPage</target>
        <target>lightning__Tab</target>
    </targets>

    <targetConfigs>
        <targetConfig targets="lightning__RecordPage">
            <objects>
                <object>Account</object>
                <object>Opportunity</object>
                <object>Contact</object>
                <object>Lead</object>
                <object>User</object>
                <object>relationCustom__c</object>
            </objects>
            <property name="height" type="Integer" default="500" max="1200" min="300" label="Component Height" />
            <property name="nodeText" type="Integer" default="16" max="40" min="12" label="Node Text Size" />
            <property name="tooltipText" type="Integer" default="16" max="40" min="12" label="Tooltip Text Size" />
            <property name="searchHierarchy" type="Integer" default="5" max="10" min="1" label="Search Hierarchy" />
            <property name="score0" type="String" default="#ff0000" label="Score0 Color" />
            <property name="score1" type="String" default="#f41717" label="Score1 Color" />
            <property name="score2" type="String" default="#e63333" label="Score2 Color" />
            <property name="score3" type="String" default="#ababab" label="Score3 Color" />
            <property name="score4" type="String" default="#ababab" label="Score4 Color" />
            <property name="score5" type="String" default="#ababab" label="Score5 Color" />
            <property name="score6" type="String" default="#5ed752" label="Score6 Color" />
            <property name="score7" type="String" default="#47e437" label="Score7 Color" />
            <property name="score8" type="String" default="#31f21c" label="Score8 Color" />
            <property name="score9" type="String" default="#1aff00" label="Score9 Color" />
            <property name="score10" type="String" default="#1aff00" label="Score10 Color" />
            <property name="colorSet" type="String" default="{'Account':'#7f8de1', 'Contact': '#a094ed', 'Lead': '#f88862', 'User': '#64cae4', 'Custom': '#6b9ee2'}" label="Node Color {'Object':'#Color'}" />
        </targetConfig>

        <targetConfig targets="lightning__AppPage">
            <property name="height" type="Integer" default="500" max="1200" min="300" label="Component Height" />
            <property name="nodeText" type="Integer" default="16" max="40" min="12" label="Node Text Size" />
            <property name="tooltipText" type="Integer" default="16" max="40" min="12" label="Tooltip Text Size" />
            <property name="searchHierarchy" type="Integer" default="5" max="10" min="1" label="Search Hierarchy" />
            <property name="score0" type="String" default="#ff0000" label="Score0 Color" />
            <property name="score1" type="String" default="#f41717" label="Score1 Color" />
            <property name="score2" type="String" default="#e63333" label="Score2 Color" />
            <property name="score3" type="String" default="#ababab" label="Score3 Color" />
            <property name="score4" type="String" default="#ababab" label="Score4 Color" />
            <property name="score5" type="String" default="#ababab" label="Score5 Color" />
            <property name="score6" type="String" default="#5ed752" label="Score6 Color" />
            <property name="score7" type="String" default="#47e437" label="Score7 Color" />
            <property name="score8" type="String" default="#31f21c" label="Score8 Color" />
            <property name="score9" type="String" default="#1aff00" label="Score9 Color" />
            <property name="score10" type="String" default="#1aff00" label="Score10 Color" />
            <property name="colorSet" type="String" default="{'Account':'#7f8de1', 'Contact': '#a094ed', 'Lead': '#f88862', 'User': '#64cae4'}" label="Node Color {'Object':'#Color'}" />
        </targetConfig>
    </targetConfigs>
</LightningComponentBundle>