[{"_allAttributes":null,"_properties":null,"_methods":null,"file":"c:/Users/woo.jihun/Desktop/プロジェクト/Salesforce/250618_VPApexLWC一覧/Ichiran/force-app/main/default/lwc/relationMap/relationMap.js","metadata":{"decorators":[{"type":"api","targets":[{"name":"height","type":"property","value":{"type":"unresolved"}},{"name":"nodeText","type":"property","value":{"type":"unresolved"}},{"name":"tooltipText","type":"property","value":{"type":"unresolved"}},{"name":"searchHierarchy","type":"property","value":{"type":"unresolved"}},{"name":"flexipageRegionWidth","type":"property","value":{"type":"unresolved"}},{"name":"objectApiName","type":"property","value":{"type":"unresolved"}},{"name":"recordId","type":"property","value":{"type":"unresolved"}},{"name":"score0","type":"property","value":{"type":"unresolved"}},{"name":"score1","type":"property","value":{"type":"unresolved"}},{"name":"score2","type":"property","value":{"type":"unresolved"}},{"name":"score3","type":"property","value":{"type":"unresolved"}},{"name":"score4","type":"property","value":{"type":"unresolved"}},{"name":"score5","type":"property","value":{"type":"unresolved"}},{"name":"score6","type":"property","value":{"type":"unresolved"}},{"name":"score7","type":"property","value":{"type":"unresolved"}},{"name":"score8","type":"property","value":{"type":"unresolved"}},{"name":"score9","type":"property","value":{"type":"unresolved"}},{"name":"score10","type":"property","value":{"type":"unresolved"}},{"name":"colorSet","type":"property","value":{"type":"unresolved"}}]},{"type":"wire","targets":[{"type":"method","name":"selectiondata","static":{"fields":{"type":"array","value":[null,null]}},"params":{"recordId":"editTaregtId"},"adapter":{"name":"getRecord","reference":"lightning/uiRecordApi"}},{"type":"method","name":"setcurrentpagereference","static":{},"params":{},"adapter":{"name":"CurrentPageReference","reference":"lightning/navigation"}}]}],"classMembers":[{"name":"height","type":"property","value":{"type":"unresolved"},"decorator":"api","doc":"******\n   * Component properties\n   ******","loc":{"start":{"line":17,"column":2},"end":{"line":17,"column":14}}},{"name":"nodeText","type":"property","value":{"type":"unresolved"},"decorator":"api","loc":{"start":{"line":18,"column":2},"end":{"line":18,"column":16}}},{"name":"tooltipText","type":"property","value":{"type":"unresolved"},"decorator":"api","loc":{"start":{"line":19,"column":2},"end":{"line":19,"column":19}}},{"name":"searchHierarchy","type":"property","value":{"type":"unresolved"},"decorator":"api","loc":{"start":{"line":20,"column":2},"end":{"line":20,"column":23}}},{"name":"flexipageRegionWidth","type":"property","value":{"type":"unresolved"},"decorator":"api","loc":{"start":{"line":21,"column":2},"end":{"line":21,"column":28}}},{"name":"objectApiName","type":"property","value":{"type":"unresolved"},"decorator":"api","loc":{"start":{"line":22,"column":2},"end":{"line":22,"column":21}}},{"name":"recordId","type":"property","value":{"type":"unresolved"},"decorator":"api","loc":{"start":{"line":23,"column":2},"end":{"line":23,"column":16}}},{"name":"score0","type":"property","value":{"type":"unresolved"},"decorator":"api","doc":"******\n   * Score Color\n   ******","loc":{"start":{"line":28,"column":2},"end":{"line":28,"column":14}}},{"name":"score1","type":"property","value":{"type":"unresolved"},"decorator":"api","loc":{"start":{"line":29,"column":2},"end":{"line":29,"column":14}}},{"name":"score2","type":"property","value":{"type":"unresolved"},"decorator":"api","loc":{"start":{"line":30,"column":2},"end":{"line":30,"column":14}}},{"name":"score3","type":"property","value":{"type":"unresolved"},"decorator":"api","loc":{"start":{"line":31,"column":2},"end":{"line":31,"column":14}}},{"name":"score4","type":"property","value":{"type":"unresolved"},"decorator":"api","loc":{"start":{"line":32,"column":2},"end":{"line":32,"column":14}}},{"name":"score5","type":"property","value":{"type":"unresolved"},"decorator":"api","loc":{"start":{"line":33,"column":2},"end":{"line":33,"column":14}}},{"name":"score6","type":"property","value":{"type":"unresolved"},"decorator":"api","loc":{"start":{"line":34,"column":2},"end":{"line":34,"column":14}}},{"name":"score7","type":"property","value":{"type":"unresolved"},"decorator":"api","loc":{"start":{"line":35,"column":2},"end":{"line":35,"column":14}}},{"name":"score8","type":"property","value":{"type":"unresolved"},"decorator":"api","loc":{"start":{"line":36,"column":2},"end":{"line":36,"column":14}}},{"name":"score9","type":"property","value":{"type":"unresolved"},"decorator":"api","loc":{"start":{"line":37,"column":2},"end":{"line":37,"column":14}}},{"name":"score10","type":"property","value":{"type":"unresolved"},"decorator":"api","loc":{"start":{"line":38,"column":2},"end":{"line":38,"column":15}}},{"name":"colorSet","type":"property","value":{"type":"unresolved"},"decorator":"api","loc":{"start":{"line":39,"column":2},"end":{"line":39,"column":16}}},{"name":"recordData","type":"property","loc":{"start":{"line":42,"column":2},"end":{"line":42,"column":13}}},{"name":"fromSelectValue","type":"property","loc":{"start":{"line":43,"column":2},"end":{"line":43,"column":18}}},{"name":"d3Initialized","type":"property","value":{"type":"boolean","value":false},"loc":{"start":{"line":46,"column":2},"end":{"line":46,"column":24}}},{"name":"parameters","type":"property","value":{"type":"object","value":{}},"loc":{"start":{"line":47,"column":2},"end":{"line":47,"column":18}}},{"name":"loaded","type":"property","value":{"type":"boolean","value":true},"loc":{"start":{"line":48,"column":2},"end":{"line":48,"column":16}}},{"name":"device","type":"property","loc":{"start":{"line":49,"column":2},"end":{"line":49,"column":9}}},{"name":"editTaregtId","type":"property","loc":{"start":{"line":50,"column":2},"end":{"line":50,"column":15}}},{"name":"scoreValue","type":"property","loc":{"start":{"line":51,"column":2},"end":{"line":51,"column":13}}},{"name":"isDesktop","type":"property","loc":{"start":{"line":52,"column":2},"end":{"line":52,"column":12}}},{"name":"editFormArea","type":"property","loc":{"start":{"line":59,"column":2},"end":{"line":59,"column":15}}},{"name":"root","type":"property","loc":{"start":{"line":60,"column":2},"end":{"line":60,"column":7}}},{"name":"container","type":"property","loc":{"start":{"line":61,"column":2},"end":{"line":61,"column":12}}},{"name":"containerInfo","type":"property","loc":{"start":{"line":62,"column":2},"end":{"line":62,"column":16}}},{"name":"containerWidth","type":"property","loc":{"start":{"line":63,"column":2},"end":{"line":63,"column":17}}},{"name":"containerHeight","type":"property","loc":{"start":{"line":64,"column":2},"end":{"line":64,"column":18}}},{"name":"resetZoomPosition","type":"property","value":{"type":"object","value":{}},"loc":{"start":{"line":65,"column":2},"end":{"line":65,"column":25}}},{"name":"tq","type":"method","loc":{"start":{"line":67,"column":2},"end":{"line":69,"column":3}}},{"name":"tqa","type":"method","loc":{"start":{"line":71,"column":2},"end":{"line":73,"column":3}}},{"name":"editSubmit","type":"method","doc":"****\n   * Edit Form Action\n   * UIで設定した内容をレコードに反映\n  ****","loc":{"start":{"line":79,"column":2},"end":{"line":155,"column":3}}},{"name":"handleEditLoad","type":"method","doc":"****\n   * lightning-record-edit-formのload時に呼び出し\n  ****","loc":{"start":{"line":160,"column":2},"end":{"line":174,"column":3}}},{"name":"setScore","type":"method","doc":"****\n   * リレーションのスコアを設定\n  ****","loc":{"start":{"line":179,"column":2},"end":{"line":193,"column":3}}},{"name":"editSuccess","type":"method","doc":"****\n   * lightning-record-edit-formの送信完了後に実行\n  ****","loc":{"start":{"line":198,"column":2},"end":{"line":201,"column":3}}},{"name":"showToast","type":"method","doc":"****\n   * トーストの表示\n  ****","loc":{"start":{"line":206,"column":2},"end":{"line":214,"column":3}}},{"name":"setViewField","type":"method","doc":"****\n   * 編集エリアのInputの表示制御\n  ****","loc":{"start":{"line":219,"column":2},"end":{"line":242,"column":3}}},{"name":"handleFromSelectionChange","type":"method","doc":"****\n   * 編集エリアのFromのSelectBoxの値が切り替えられた場合に実行\n  ****","loc":{"start":{"line":247,"column":2},"end":{"line":249,"column":3}}},{"name":"handleToSelectionChange","type":"method","doc":"****\n   * 編集エリアのToのSelectBoxの値が切り替えられた場合に実行\n  ****","loc":{"start":{"line":254,"column":2},"end":{"line":256,"column":3}}},{"name":"selectiondata","type":"method","decorator":"wire","doc":"****\n   * 編集対象リレーションが変更された場合に実行\n  ****","loc":{"start":{"line":261,"column":2},"end":{"line":272,"column":3}}},{"name":"fromValue","type":"property","loc":{"start":{"line":274,"column":2},"end":{"line":276,"column":3}}},{"name":"toValue","type":"property","loc":{"start":{"line":278,"column":2},"end":{"line":280,"column":3}}},{"name":"getQueryParameters","type":"method","doc":"****\n   * Get URL Param\n   * URLのクエリストリングの取得\n   * VFでラップした場合に使用\n  ****","loc":{"start":{"line":287,"column":2},"end":{"line":298,"column":3}}},{"name":"getData","type":"method","doc":"****\n   * Get Record Data\n  ****","loc":{"start":{"line":303,"column":2},"end":{"line":405,"column":3}}},{"name":"svgHeight","type":"property","loc":{"start":{"line":407,"column":2},"end":{"line":409,"column":3}}},{"name":"editBoxStyle","type":"property","loc":{"start":{"line":411,"column":2},"end":{"line":413,"column":3}}},{"name":"containerStyle","type":"property","loc":{"start":{"line":415,"column":2},"end":{"line":417,"column":3}}},{"name":"setcurrentpagereference","type":"method","decorator":"wire","doc":"****\n   * Lightnig Pageで使用\n   * 表示ターゲット（中心）となるrecordIdを取得\n  ****","loc":{"start":{"line":423,"column":2},"end":{"line":433,"column":3}}},{"name":"connectedCallback","type":"method","doc":"****\n   * Component Callback\n  ****","loc":{"start":{"line":438,"column":2},"end":{"line":454,"column":3}}},{"name":"renderedCallback","type":"method","doc":"****\n   * When Rendered Callback\n  ****","loc":{"start":{"line":459,"column":2},"end":{"line":487,"column":3}}},{"name":"refreshContent","type":"method","doc":"****\n   * D3 Refresh\n  ****","loc":{"start":{"line":492,"column":2},"end":{"line":524,"column":3}}},{"name":"editRelationRecord","type":"method","loc":{"start":{"line":527,"column":2},"end":{"line":531,"column":3}}},{"name":"recordEditClick","type":"method","loc":{"start":{"line":534,"column":2},"end":{"line":541,"column":3}}},{"name":"editCloseClick","type":"method","loc":{"start":{"line":544,"column":2},"end":{"line":546,"column":3}}},{"name":"contentsResetClick","type":"method","loc":{"start":{"line":549,"column":2},"end":{"line":551,"column":3}}},{"name":"reloadContents","type":"method","loc":{"start":{"line":554,"column":2},"end":{"line":556,"column":3}}},{"name":"doZoom","type":"method","loc":{"start":{"line":559,"column":2},"end":{"line":566,"column":3}}},{"name":"zoomPlusClick","type":"method","loc":{"start":{"line":568,"column":2},"end":{"line":570,"column":3}}},{"name":"zoomMinusClick","type":"method","loc":{"start":{"line":572,"column":2},"end":{"line":574,"column":3}}},{"name":"zoomResetClick","type":"method","loc":{"start":{"line":576,"column":2},"end":{"line":578,"column":3}}},{"name":"getTransformation","type":"method","loc":{"start":{"line":581,"column":2},"end":{"line":600,"column":3}}},{"name":"setZoom","type":"method","loc":{"start":{"line":604,"column":2},"end":{"line":607,"column":3}}},{"name":"resetZoom","type":"method","loc":{"start":{"line":610,"column":2},"end":{"line":617,"column":3}}},{"name":"initializeD3","type":"method","doc":"****\n   * D3 Initialize\n  ****","loc":{"start":{"line":622,"column":2},"end":{"line":1485,"column":3}}}],"declarationLoc":{"start":{"line":13,"column":0},"end":{"line":1486,"column":1}},"doc":"","exports":[{"type":"ExportDefaultDeclaration"}]},"updatedAt":"2025-06-23T08:53:14.821Z"},{"_allAttributes":null,"_properties":null,"_methods":null,"file":"c:/Users/woo.jihun/Desktop/プロジェクト/Salesforce/250618_VPApexLWC一覧/Ichiran/force-app/main/default/lwc/relationMapCustomLookupContainer/relationMapCustomLookupContainer.js","metadata":{"decorators":[{"type":"api","targets":[{"name":"notifyViaAlerts","type":"property","value":{"type":"boolean","value":false}},{"name":"selection","type":"property","value":{"type":"array","value":[]}},{"name":"title","type":"property","value":{"type":"unresolved"}},{"type":"method","name":"getSelection"}]},{"type":"track","targets":[{"name":"isMultiEntry","type":"property"},{"name":"initialSelection","type":"property"},{"name":"errors","type":"property"}]}],"classMembers":[{"name":"notifyViaAlerts","type":"property","value":{"type":"boolean","value":false},"decorator":"api","loc":{"start":{"line":6,"column":4},"end":{"line":6,"column":33}}},{"name":"selection","type":"property","value":{"type":"array","value":[]},"decorator":"api","loc":{"start":{"line":7,"column":4},"end":{"line":7,"column":24}}},{"name":"title","type":"property","value":{"type":"unresolved"},"decorator":"api","loc":{"start":{"line":8,"column":4},"end":{"line":8,"column":15}}},{"name":"getSelection","type":"method","decorator":"api","loc":{"start":{"line":10,"column":4},"end":{"line":13,"column":5}}},{"name":"isMultiEntry","type":"property","value":{"type":"boolean","value":false},"decorator":"track","loc":{"start":{"line":15,"column":4},"end":{"line":15,"column":32}}},{"name":"initialSelection","type":"property","decorator":"track","loc":{"start":{"line":16,"column":4},"end":{"line":16,"column":33}}},{"name":"errors","type":"property","decorator":"track","loc":{"start":{"line":17,"column":4},"end":{"line":17,"column":23}}},{"name":"handleLookupTypeChange","type":"method","loc":{"start":{"line":19,"column":4},"end":{"line":23,"column":5}}},{"name":"handleSearch","type":"method","loc":{"start":{"line":25,"column":4},"end":{"line":41,"column":5}}},{"name":"handleSelectionChange","type":"method","loc":{"start":{"line":43,"column":4},"end":{"line":49,"column":5}}},{"name":"handleSubmit","type":"method","loc":{"start":{"line":51,"column":4},"end":{"line":56,"column":5}}},{"name":"checkForErrors","type":"method","loc":{"start":{"line":58,"column":4},"end":{"line":70,"column":5}}},{"name":"notifyUser","type":"method","loc":{"start":{"line":72,"column":4},"end":{"line":79,"column":5}}}],"declarationLoc":{"start":{"line":5,"column":0},"end":{"line":80,"column":1}},"doc":"","exports":[{"type":"ExportDefaultDeclaration"}]},"updatedAt":"2025-06-23T08:53:14.838Z"},{"_allAttributes":null,"_properties":null,"_methods":null,"file":"c:/Users/woo.jihun/Desktop/プロジェクト/Salesforce/250618_VPApexLWC一覧/Ichiran/force-app/main/default/lwc/relationMapLookup/relationMapLookup.js","metadata":{"decorators":[{"type":"api","targets":[{"name":"label","type":"property","value":{"type":"unresolved"}},{"name":"selection","type":"property","value":{"type":"array","value":[]}},{"name":"placeholder","type":"property","value":{"type":"string","value":""}},{"name":"isMultiEntry","type":"property","value":{"type":"boolean","value":false}},{"name":"errors","type":"property","value":{"type":"array","value":[]}},{"name":"scrollAfterNItems","type":"property","value":{"type":"unresolved"}},{"name":"customKey","type":"property","value":{"type":"unresolved"}},{"type":"method","name":"setSearchResults"},{"type":"method","name":"getSelection"},{"type":"method","name":"getkey"}]},{"type":"track","targets":[{"name":"searchTerm","type":"property"},{"name":"searchResults","type":"property"},{"name":"hasFocus","type":"property"},{"name":"loading","type":"property"}]}],"classMembers":[{"name":"label","type":"property","value":{"type":"unresolved"},"decorator":"api","loc":{"start":{"line":8,"column":4},"end":{"line":8,"column":15}}},{"name":"selection","type":"property","value":{"type":"array","value":[]},"decorator":"api","loc":{"start":{"line":9,"column":4},"end":{"line":9,"column":24}}},{"name":"placeholder","type":"property","value":{"type":"string","value":""},"decorator":"api","loc":{"start":{"line":10,"column":4},"end":{"line":10,"column":26}}},{"name":"isMultiEntry","type":"property","value":{"type":"boolean","value":false},"decorator":"api","loc":{"start":{"line":11,"column":4},"end":{"line":11,"column":30}}},{"name":"errors","type":"property","value":{"type":"array","value":[]},"decorator":"api","loc":{"start":{"line":12,"column":4},"end":{"line":12,"column":21}}},{"name":"scrollAfterNItems","type":"property","value":{"type":"unresolved"},"decorator":"api","loc":{"start":{"line":13,"column":4},"end":{"line":13,"column":27}}},{"name":"customKey","type":"property","value":{"type":"unresolved"},"decorator":"api","loc":{"start":{"line":14,"column":4},"end":{"line":14,"column":19}}},{"name":"searchTerm","type":"property","decorator":"track","loc":{"start":{"line":16,"column":4},"end":{"line":16,"column":27}}},{"name":"searchResults","type":"property","decorator":"track","loc":{"start":{"line":17,"column":4},"end":{"line":17,"column":30}}},{"name":"hasFocus","type":"property","value":{"type":"boolean","value":false},"decorator":"track","loc":{"start":{"line":18,"column":4},"end":{"line":18,"column":28}}},{"name":"loading","type":"property","value":{"type":"boolean","value":false},"decorator":"track","loc":{"start":{"line":19,"column":4},"end":{"line":19,"column":27}}},{"name":"cleanSearchTerm","type":"property","loc":{"start":{"line":21,"column":4},"end":{"line":21,"column":20}}},{"name":"blurTimeout","type":"property","loc":{"start":{"line":22,"column":4},"end":{"line":22,"column":16}}},{"name":"searchThrottlingTimeout","type":"property","loc":{"start":{"line":23,"column":4},"end":{"line":23,"column":28}}},{"name":"setSearchResults","type":"method","decorator":"api","loc":{"start":{"line":27,"column":4},"end":{"line":46,"column":5}}},{"name":"getSelection","type":"method","decorator":"api","loc":{"start":{"line":48,"column":4},"end":{"line":51,"column":5}}},{"name":"getkey","type":"method","decorator":"api","loc":{"start":{"line":53,"column":4},"end":{"line":56,"column":5}}},{"name":"updateSearchTerm","type":"method","loc":{"start":{"line":60,"column":4},"end":{"line":102,"column":5}}},{"name":"isSelectionAllowed","type":"method","loc":{"start":{"line":104,"column":4},"end":{"line":109,"column":5}}},{"name":"hasResults","type":"method","loc":{"start":{"line":111,"column":4},"end":{"line":113,"column":5}}},{"name":"hasSelection","type":"method","loc":{"start":{"line":115,"column":4},"end":{"line":117,"column":5}}},{"name":"handleInput","type":"method","loc":{"start":{"line":121,"column":4},"end":{"line":127,"column":5}}},{"name":"handleResultClick","type":"method","loc":{"start":{"line":129,"column":4},"end":{"line":150,"column":5}}},{"name":"handleComboboxClick","type":"method","loc":{"start":{"line":152,"column":4},"end":{"line":158,"column":5}}},{"name":"handleFocus","type":"method","loc":{"start":{"line":160,"column":4},"end":{"line":166,"column":5}}},{"name":"handleBlur","type":"method","loc":{"start":{"line":168,"column":4},"end":{"line":179,"column":5}}},{"name":"handleRemoveSelectedItem","type":"method","loc":{"start":{"line":181,"column":4},"end":{"line":186,"column":5}}},{"name":"handleClearSelection","type":"method","loc":{"start":{"line":188,"column":4},"end":{"line":192,"column":5}}},{"name":"getContainerClass","type":"property","loc":{"start":{"line":196,"column":4},"end":{"line":205,"column":5}}},{"name":"getDropdownClass","type":"property","loc":{"start":{"line":207,"column":4},"end":{"line":218,"column":5}}},{"name":"getInputClass","type":"property","loc":{"start":{"line":220,"column":4},"end":{"line":230,"column":5}}},{"name":"getComboboxClass","type":"property","loc":{"start":{"line":232,"column":4},"end":{"line":242,"column":5}}},{"name":"getSearchIconClass","type":"property","loc":{"start":{"line":244,"column":4},"end":{"line":250,"column":5}}},{"name":"getClearSelectionButtonClass","type":"property","loc":{"start":{"line":252,"column":4},"end":{"line":257,"column":5}}},{"name":"getSelectIconName","type":"property","loc":{"start":{"line":259,"column":4},"end":{"line":263,"column":5}}},{"name":"getSelectIconClass","type":"property","loc":{"start":{"line":265,"column":4},"end":{"line":270,"column":5}}},{"name":"getInputValue","type":"property","loc":{"start":{"line":272,"column":4},"end":{"line":277,"column":5}}},{"name":"getInputTitle","type":"property","loc":{"start":{"line":279,"column":4},"end":{"line":285,"column":5}}},{"name":"getListboxClass","type":"property","loc":{"start":{"line":287,"column":4},"end":{"line":294,"column":5}}},{"name":"isInputReadonly","type":"property","loc":{"start":{"line":296,"column":4},"end":{"line":301,"column":5}}},{"name":"isExpanded","type":"property","loc":{"start":{"line":303,"column":4},"end":{"line":305,"column":5}}}],"declarationLoc":{"start":{"line":7,"column":0},"end":{"line":306,"column":1}},"doc":"","exports":[{"type":"ExportDefaultDeclaration"}]},"updatedAt":"2025-06-23T08:53:14.829Z"}]