<?xml version="1.0" encoding="UTF-8"?>
<ApexPage xmlns="http://soap.sforce.com/2006/04/metadata">
    <apiVersion>60.0</apiVersion>
    <availableInTouch>false</availableInTouch>
    <confirmationTokenRequired>false</confirmationTokenRequired>
    <label>雇用契約書（海外正社員：営業職）帰国交通費あり)TEST</label>
    <packageVersions>
        <majorNumber>1</majorNumber>
        <minorNumber>159</minorNumber>
        <namespace>NCDSRM</namespace>
    </packageVersions>
</ApexPage>
