<?xml version="1.0" encoding="UTF-8"?>
<ApexPage xmlns="http://soap.sforce.com/2006/04/metadata">
    <apiVersion>61.0</apiVersion>
    <availableInTouch>false</availableInTouch>
    <confirmationTokenRequired>false</confirmationTokenRequired>
    <description>雇用契約書（海外正社員：営業職）帰国交通費あり)(コピー:2024/03/29 9:22)(コピー:2024/10/07 11:34)</description>
    <label>雇用契約書（海外正社員：営業職）帰国交通費あり)TEST2</label>
    <packageVersions>
        <majorNumber>1</majorNumber>
        <minorNumber>159</minorNumber>
        <namespace>NCDSRM</namespace>
    </packageVersions>
</ApexPage>
