<?xml version="1.0" encoding="UTF-8"?>
<ApexPage xmlns="http://soap.sforce.com/2006/04/metadata">
    <apiVersion>54.0</apiVersion>
    <availableInTouch>true</availableInTouch>
    <confirmationTokenRequired>false</confirmationTokenRequired>
    <description>ITパートナー案件管理の請求書発行書</description>
    <label>ITパートナー請求書発行書</label>
    <packageVersions>
        <majorNumber>1</majorNumber>
        <minorNumber>159</minorNumber>
        <namespace>NCDSRM</namespace>
    </packageVersions>
</ApexPage>
