<?xml version="1.0" encoding="UTF-8"?>
<ApexPage xmlns="http://soap.sforce.com/2006/04/metadata">
    <apiVersion>59.0</apiVersion>
    <availableInTouch>true</availableInTouch>
    <confirmationTokenRequired>false</confirmationTokenRequired>
    <description>改定版・正社員:完全リモート勤務者</description>
    <label>雇用契約書（改定版・正社員:完全リモート勤務者）</label>
    <packageVersions>
        <majorNumber>1</majorNumber>
        <minorNumber>159</minorNumber>
        <namespace>NCDSRM</namespace>
    </packageVersions>
</ApexPage>
