<?xml version="1.0" encoding="UTF-8"?>
<ApexPage xmlns="http://soap.sforce.com/2006/04/metadata">
    <apiVersion>61.0</apiVersion>
    <availableInTouch>true</availableInTouch>
    <confirmationTokenRequired>false</confirmationTokenRequired>
    <label>【管理工事 修繕】見積書（佐賀大学用：部長）（PM商談）(インボイス)</label>
    <packageVersions>
        <majorNumber>1</majorNumber>
        <minorNumber>159</minorNumber>
        <namespace>NCDSRM</namespace>
    </packageVersions>
</ApexPage>
