<?xml version="1.0" encoding="UTF-8"?>
<ApexPage xmlns="http://soap.sforce.com/2006/04/metadata">
    <apiVersion>50.0</apiVersion>
    <availableInTouch>true</availableInTouch>
    <confirmationTokenRequired>true</confirmationTokenRequired>
    <label>SMRP_【実寿穂会】システム運用 ・保守　作業報告書</label>
    <packageVersions>
        <majorNumber>1</majorNumber>
        <minorNumber>158</minorNumber>
        <namespace>NCDSRM</namespace>
    </packageVersions>
</ApexPage>
