<?xml version="1.0" encoding="UTF-8"?>
<ApexPage xmlns="http://soap.sforce.com/2006/04/metadata">
    <apiVersion>62.0</apiVersion>
    <availableInTouch>false</availableInTouch>
    <confirmationTokenRequired>false</confirmationTokenRequired>
    <description>【Seq雇用契約書】改定版・正社員</description>
    <label>Seq雇用契約書（改定版・正社員)</label>
    <packageVersions>
        <majorNumber>1</majorNumber>
        <minorNumber>159</minorNumber>
        <namespace>NCDSRM</namespace>
    </packageVersions>
</ApexPage>
